Word,Available
aback,Yes
abets,Yes
abbot,No
abide,No
abode,No
abort,No
abbey,No
abase,Yes
abhor,Yes
abate,No
abaya,Yes
about,No
above,No
abuse,No
abuts,Yes
abyss,No
ached,Yes
acids,Yes
acing,Yes
ackee,Yes
acorn,No
aches,No
acres,No
acrid,Yes
acted,Yes
actin,Yes
actor,No
adage,Yes
adapt,No
added,Yes
adder,No
acute,No
addle,Yes
adept,No
adieu,No
adits,Yes
adman,No
admit,Yes
adios,No
admin,No
adobe,No
adobo,No
adopt,Yes
adore,No
adzes,Yes
aegis,No
adult,No
aeons,Yes
affix,No
adorn,No
afire,Yes
aerie,Yes
afoot,No
afore,Yes
after,No
again,No
agape,No
agate,Yes
agave,No
agent,No
aggro,No
agile,No
aglow,No
agora,No
aging,Yes
agree,Yes
agony,No
ahead,No
ahold,Yes
aider,No
aides,Yes
ailed,Yes
aimed,Yes
aimer,No
aided,Yes
aioli,No
aired,No
aisle,Yes
alarm,No
alder,No
aleph,No
alert,No
algae,Yes
album,Yes
algal,Yes
